id,ra,dec,m277,int_zgt7,photz,photzerr_hi,photzerr_low,chia,dchi2,sample,specz,M1500,M1500err_hi,M1500err_low,rh_200,rh_277
CEERS-1398,214.937205,52.965351,29.2,0.96,9.01,0.27,1.53,17.0,4.3,9,-1.000,-17.30,1.42,0.25,1.22,1.84
CEERS-2067,215.010026,53.013641,27.8,1.00,12.70,0.99,0.72,15.6,8.3,14,-1.000,-20.09,0.20,0.03,3.53,3.26
CEERS-4702,214.994404,52.989378,27.5,1.00,8.98,0.12,0.12,2.9,22.0,9,8.809,-20.17,0.09,0.03,1.75,2.09
CEERS-5007,214.966722,52.968284,28.5,0.96,8.98,0.27,0.36,7.4,6.7,9,-1.000,-19.21,0.23,0.12,1.85,2.13
CEERS-6184,214.950081,52.949266,28.0,1.00,8.92,0.03,0.57,19.4,14.3,9,-1.000,-19.49,0.29,0.02,1.92,2.28
CEERS-7078,215.011708,52.988303,27.1,1.00,8.98,0.06,0.06,25.4,75.9,9,8.876,-20.44,-0.00,0.14,2.28,2.55
CEERS-10332,215.044001,52.994302,28.4,1.00,10.57,0.18,1.05,6.7,14.3,10,-1.000,-19.49,0.42,0.08,4.13,4.68
CEERS-10545,214.997038,52.960082,28.2,0.99,8.89,0.06,0.30,16.1,6.6,9,-1.000,-19.64,0.14,0.04,1.43,1.60
CEERS-11384,214.906640,52.945504,27.5,1.00,11.53,0.30,0.30,7.1,11.2,11,11.043,-20.02,0.07,0.15,1.50,1.77
CEERS-11960,214.907630,52.944612,29.1,1.00,8.89,0.12,0.48,13.5,31.9,9,-1.000,-18.71,0.25,0.04,2.27,2.15
CEERS-12240,214.902237,52.939370,28.4,1.00,8.62,0.30,0.21,11.8,23.4,9,-1.000,-18.56,0.05,0.39,1.93,3.09
CEERS-13388,214.846175,52.894002,28.4,0.94,8.95,1.38,0.66,11.2,6.0,9,-1.000,-19.50,0.25,0.25,2.98,2.93
CEERS-13452,214.861602,52.904604,28.2,1.00,9.55,0.78,0.09,9.9,12.1,10,-1.000,-19.41,0.10,0.22,1.83,1.75
CEERS-13544,214.844768,52.892103,26.6,1.00,8.74,0.12,0.12,11.8,81.5,9,-1.000,-20.48,0.02,0.12,2.05,1.99
CEERS-16943,214.943152,52.942442,27.9,1.00,11.08,0.39,0.36,19.1,30.2,11,11.416,-20.17,0.10,0.06,1.89,2.11
CEERS-16984,214.866488,52.887854,28.5,0.97,10.63,0.39,0.24,11.5,7.0,11,-1.000,-19.24,0.13,0.19,1.59,1.97
CEERS-17198,214.858821,52.881221,28.5,0.94,9.22,1.32,0.12,5.2,4.6,9,-1.000,-18.91,0.04,0.41,2.63,3.20
CEERS-17898,214.873638,52.887711,29.1,0.90,9.07,0.15,2.73,29.0,4.5,9,-1.000,-18.43,0.28,0.07,1.36,1.57
CEERS-19548,214.876146,52.880826,27.4,1.00,8.95,0.15,0.24,8.3,64.5,9,-1.000,-19.64,0.10,0.08,1.25,1.24
CEERS-19996,214.922787,52.911529,28.3,1.00,11.32,0.30,0.90,3.5,11.7,11,10.100,-19.28,0.18,0.11,2.51,2.32
CEERS-20174,214.885146,52.883650,28.5,0.89,8.56,0.21,0.51,21.6,4.8,9,-1.000,-18.75,0.13,0.12,2.91,2.99
CEERS-25535,214.838706,52.882221,29.1,0.98,8.65,0.51,0.39,7.2,8.2,9,-1.000,-18.39,0.27,0.19,2.18,2.60
CEERS-26109,214.809675,52.858695,28.5,0.98,9.43,0.78,0.27,4.9,6.8,9,-1.000,-19.23,0.12,0.21,1.95,2.47
CEERS-26112,214.818999,52.865299,28.3,0.93,11.38,0.30,0.81,13.1,5.0,11,-1.000,-19.86,0.29,0.11,2.49,3.15
CEERS-30173,214.781164,52.817432,28.0,1.00,8.95,1.71,0.36,21.7,16.7,9,-1.000,-19.59,0.18,0.29,2.68,2.65
CEERS-34685,214.700083,52.752419,28.4,0.96,11.53,0.51,0.72,13.4,6.1,11,-1.000,-19.36,0.29,0.22,2.11,2.39
CEERS-34925,214.738486,52.765665,28.4,1.00,11.89,1.92,1.68,15.4,10.5,12,-1.000,-18.99,0.38,0.36,0.51,2.79
CEERS-35590,214.732525,52.758090,27.7,1.00,10.15,0.36,0.42,9.8,34.9,10,10.010,-20.17,0.12,0.05,1.74,1.90
CEERS-36796,214.727248,52.748045,28.2,0.98,12.28,1.59,0.24,23.6,6.5,13,-1.000,-19.91,0.15,0.21,1.59,2.13
CEERS-37891,214.745310,52.753653,28.0,0.89,8.68,0.24,0.63,19.4,4.0,9,-1.000,-19.68,0.25,0.10,2.18,2.70
CEERS-39128,214.746942,52.747625,27.9,0.86,9.07,0.30,1.26,21.6,4.7,9,-1.000,-19.55,0.30,0.17,2.23,2.67
CEERS-42447,214.795552,52.767286,28.3,0.99,9.13,0.15,0.21,38.5,8.1,10,-1.000,-19.73,0.11,0.08,2.04,2.52
CEERS-43725,214.967532,52.932953,26.3,1.00,8.68,0.06,0.09,30.8,69.2,9,8.715,-21.20,0.01,0.05,1.64,1.92
CEERS-43833,214.938642,52.911749,26.8,1.00,9.01,0.09,0.09,6.3,80.3,9,8.763,-20.74,0.09,0.01,2.56,2.85
CEERS-44441,214.968699,52.929650,26.9,1.00,8.95,0.06,0.09,7.4,52.6,9,-1.000,-20.68,0.09,0.04,1.73,1.96
CEERS-45970,214.977355,52.926497,27.0,1.00,9.22,0.12,0.15,38.9,27.0,9,-1.000,-20.40,0.09,0.06,1.35,2.85
CEERS-47105,214.919100,52.877077,28.8,1.00,8.95,0.90,0.24,9.2,16.1,9,-1.000,-18.40,0.21,0.25,3.29,3.12
CEERS-47141,214.910771,52.873928,28.7,0.97,10.66,1.50,0.48,16.4,6.1,11,-1.000,-18.63,0.39,0.21,2.07,2.13
CEERS-48308,214.989485,52.919175,28.2,0.95,8.92,0.15,0.36,4.7,6.6,9,-1.000,-19.54,0.15,0.13,2.30,2.49
CEERS-54306,214.858815,52.850712,28.8,1.00,11.23,0.36,0.36,24.1,11.3,11,-1.000,-19.27,0.14,0.09,1.91,2.71
CEERS-54903,214.811119,52.813829,29.0,0.93,10.60,0.81,0.36,9.1,5.7,11,-1.000,-18.31,0.22,0.30,1.53,1.93
CEERS-56878,214.888127,52.858988,27.7,0.98,9.01,0.30,0.30,19.7,7.4,9,-1.000,-19.94,0.19,0.14,1.73,2.08
CEERS-57400,214.869658,52.843646,28.7,1.00,10.60,0.60,0.66,3.1,12.4,11,-1.000,-19.42,0.24,0.17,1.25,1.52
CEERS-57438,214.871989,52.845014,28.3,0.96,13.99,0.75,1.35,6.4,4.2,14,-1.000,-19.61,0.31,0.21,1.39,1.73
CEERS-58138,214.876471,52.844055,28.2,0.99,9.10,0.18,0.33,18.9,7.0,9,-1.000,-19.64,0.14,0.08,1.39,1.80
CEERS-61381,214.901253,52.846996,28.5,1.00,11.29,0.21,1.56,7.9,11.0,11,8.881,-18.72,0.19,0.16,1.59,2.19
CEERS-61419,214.897231,52.843854,28.1,1.00,8.95,1.65,0.06,10.5,15.3,9,8.998,-19.31,0.05,0.14,2.86,3.57
CEERS-61620,214.904392,52.848203,29.2,0.97,8.59,0.15,0.27,22.3,4.7,9,-1.000,-18.67,0.11,0.06,2.64,2.44
CEERS-61941,214.850131,52.808053,28.9,1.00,9.76,1.02,0.18,4.5,12.8,10,-1.000,-18.65,0.10,0.27,1.90,2.36
CEERS-64602,215.074304,52.951154,28.8,0.99,14.32,0.75,1.41,19.2,8.2,14,-1.000,-19.29,0.34,0.19,2.64,2.86
CEERS-64676,215.125148,52.986537,28.9,0.96,9.01,0.69,0.72,12.1,6.7,9,-1.000,-18.30,0.41,0.19,3.04,3.32
CEERS-64887,215.059748,52.939334,27.3,0.99,8.95,0.12,0.18,19.8,7.8,9,-1.000,-20.14,0.10,0.08,3.78,2.95
CEERS-65379,215.137032,52.991109,28.6,0.90,8.71,0.57,0.60,18.9,4.3,9,-1.000,-19.02,0.27,0.20,1.71,2.17
CEERS-65503,215.079067,52.949637,28.6,1.00,8.92,0.39,0.33,23.7,36.6,9,-1.000,-18.97,0.22,0.15,1.65,2.04
CEERS-66635,215.120033,52.972564,27.3,1.00,8.65,0.15,0.18,3.8,28.8,9,-1.000,-20.17,0.11,0.07,1.59,2.13
CEERS-70831,215.100921,52.936270,28.1,0.93,12.07,1.98,1.08,13.1,4.7,12,-1.000,-19.62,0.30,0.31,2.29,2.67
CEERS-74300,214.969256,52.882119,28.2,1.00,10.51,0.30,0.57,7.8,12.3,10,-1.000,-19.34,0.14,0.21,1.14,1.14
CEERS-74442,214.958350,52.872526,28.3,0.96,9.13,1.23,0.42,5.6,5.7,9,-1.000,-19.50,0.30,0.25,2.52,3.35
CEERS-76575,215.015299,52.913706,28.5,1.00,9.55,0.33,0.06,12.6,30.3,9,-1.000,-19.06,0.04,0.19,1.68,2.24
CEERS-76686,214.976311,52.873417,28.2,1.00,11.11,0.33,0.36,7.5,13.6,11,-1.000,-19.21,0.10,0.23,3.01,3.56
CEERS-77367,214.989018,52.879278,27.9,0.97,10.84,0.54,0.51,17.2,6.7,11,-1.000,-20.03,0.21,0.20,3.58,3.92
CEERS-77647,215.054220,52.923839,29.0,1.00,12.70,0.99,0.66,16.0,9.4,13,-1.000,-18.92,0.29,0.05,2.58,3.41
CEERS-78591,214.994190,52.876475,27.6,1.00,8.92,0.18,0.36,10.6,16.2,9,-1.000,-19.78,0.24,0.18,2.38,2.88
CEERS-78984,214.984209,52.866090,27.8,1.00,8.53,0.15,0.15,7.5,30.4,9,-1.000,-19.60,0.05,0.14,2.26,2.87
CEERS-79589,214.989581,52.866557,26.5,1.00,8.65,0.12,0.09,21.0,60.1,9,-1.000,-20.69,0.11,0.04,2.06,2.57
CEERS-81061,215.035392,52.890667,25.0,1.00,8.68,0.06,0.03,53.9,104.0,9,8.679,-22.17,0.01,0.05,3.15,3.34
CEERS-81784,215.008674,52.868309,26.3,1.00,8.65,0.12,0.12,10.3,11.3,9,-1.000,-21.17,0.06,0.07,2.04,2.14
CEERS-82881,214.996399,52.854157,27.9,1.00,8.83,0.18,0.24,7.9,19.9,9,-1.000,-19.68,0.12,0.12,2.73,2.71
CEERS-83492,215.079631,52.909565,27.8,1.00,8.74,0.15,0.18,6.0,22.6,9,-1.000,-19.60,0.05,0.13,3.36,3.11
CEERS-85546,214.885963,52.819060,27.7,1.00,11.08,0.24,0.60,7.5,26.3,11,-1.000,-20.32,0.22,0.07,1.42,1.81
CEERS-87379,214.932064,52.841873,27.3,1.00,11.08,0.24,0.48,10.6,23.7,11,-1.000,-20.71,0.21,0.07,1.60,2.08
CEERS-88331,214.954423,52.852402,28.4,0.99,9.16,1.26,0.21,24.9,5.4,9,-1.000,-18.39,0.13,0.42,2.20,2.73
CEERS-88342,214.961212,52.857134,28.7,0.99,8.59,0.51,0.45,5.6,8.3,9,-1.000,-18.48,0.36,0.22,1.41,1.34
CEERS-88437,214.943826,52.844229,27.5,1.00,8.53,0.18,0.12,22.5,11.6,9,-1.000,-20.15,0.11,0.06,1.60,2.11
CEERS-88518,214.942159,52.842306,28.2,0.97,8.56,0.42,0.57,14.9,7.0,9,-1.000,-19.10,0.36,0.22,2.26,2.37
CEERS-89295,214.883206,52.794364,28.7,0.99,8.71,0.12,0.33,4.8,9.1,9,-1.000,-19.35,0.19,0.07,5.02,4.19
CEERS-89895,214.885377,52.792716,27.9,0.97,8.89,0.18,0.21,17.3,5.6,9,-1.000,-20.03,0.15,0.08,1.40,2.28
CEERS-90326,214.889422,52.793006,29.1,0.99,9.25,0.30,0.27,12.6,8.8,9,-1.000,-18.40,0.08,0.26,1.85,2.28
CEERS-90671,214.961276,52.842364,28.1,1.00,8.68,0.21,0.27,31.6,18.8,9,8.638,-18.78,0.16,0.06,2.16,2.29
CEERS-90891,214.945818,52.829729,28.3,0.96,14.44,0.48,1.89,11.9,4.8,14,-1.000,-19.81,0.31,0.14,2.83,2.88
CEERS-91724,214.902804,52.794311,27.1,0.92,9.37,0.39,0.51,6.8,5.1,9,-1.000,-20.36,0.22,0.13,1.99,2.00
CEERS-92463,214.975831,52.841961,28.3,1.00,10.51,0.69,0.60,7.5,21.1,10,-1.000,-18.84,0.36,0.11,1.82,2.20
CEERS-96512,214.800253,52.749561,28.6,0.87,8.83,0.15,0.75,24.0,4.5,9,-1.000,-18.72,0.18,0.16,1.82,2.20
CEERS-98518,214.817113,52.748343,27.4,1.00,10.09,0.18,0.39,20.9,17.4,10,-1.000,-19.87,0.15,0.09,1.82,2.20
CEERS-99689,214.802248,52.730517,28.4,0.91,9.34,1.17,0.39,9.2,4.6,9,-1.000,-19.09,0.14,0.32,1.82,2.20
CEERS-99715,214.811852,52.737110,27.1,1.00,9.76,0.60,0.09,10.8,37.7,10,9.770,-20.52,0.09,0.03,1.82,2.20
CEERS-100239,214.800532,52.725500,29.0,0.97,9.52,1.05,0.33,16.6,5.6,9,-1.000,-18.55,0.08,0.38,1.82,2.20
CEERS-101746,214.881212,52.772963,28.4,1.00,10.33,0.24,0.72,3.8,20.4,10,-1.000,-19.56,0.19,0.09,1.82,2.20
